dsa,dsa_min,iaa,iaa_min,depth,huffman,progress,cpu_async,codec,level,dictionary,rows,cols,page,batch,raw_bytes,file_bytes,ratio,secs_median,secs_min,gbps,dsa_descs,dsa_bytes,dsa_partial,iaa_jobs,iaa_fallbacks,verified,threads,pool,iaa_retries,cmd,config,page_kb,routed_to
off,16384,off,0,8,dynamic,all,0,gzip,1,0,4194304,4,1048576,1024,134217728,45613173,2.943,1.51186,1.49308,0.0888,0,0,0,0,0,1,1,0,0,--iters 5 --rows-per-page 512 --page 1048576 --cpu 40,sync-cpu,4,cpu
off,16384,off,0,8,dynamic,all,8,gzip,1,0,4194304,4,1048576,1024,134217728,45613173,2.943,0.24764,0.24208,0.5420,0,0,0,0,0,1,1,8,0,--iters 5 --rows-per-page 512 --page 1048576 --cpu 40 --cpu-async 8,async-cpu,4,cpu
off,16384,sync,0,8,dynamic,all,0,gzip,1,0,4194304,4,1048576,1024,134217728,46425561,2.891,0.40467,0.39791,0.3317,0,0,0,32768,0,1,1,0,0,--iters 5 --rows-per-page 512 --page 1048576 --cpu 40 --iaa sync --iaa-min 0,sync-accel,4,iaa
off,16384,async,0,8,dynamic,all,0,gzip,1,0,4194304,4,1048576,1024,134217728,46425561,2.891,0.17944,0.17906,0.7480,0,0,0,32768,0,1,1,0,0,--iters 5 --rows-per-page 512 --page 1048576 --cpu 40 --iaa async --iaa-min 0,async-accel,4,iaa
off,16384,sync,0,8,dynamic,all,0,gzip,1,0,4194304,4,1048576,1024,134217728,46425561,2.891,0.40431,0.39969,0.3320,0,0,0,32768,0,1,1,0,0,--iters 5 --rows-per-page 512 --page 1048576 --cpu 40 --iaa sync --iaa-min 0,opt-sync-accel,4,iaa
off,16384,async,0,8,dynamic,all,0,gzip,1,0,4194304,4,1048576,1024,134217728,46425561,2.891,0.17985,0.17927,0.7463,0,0,0,32768,0,1,1,0,0,--iters 5 --rows-per-page 512 --page 1048576 --cpu 40 --iaa async --iaa-min 0,opt-async-accel,4,iaa
off,16384,off,0,8,dynamic,all,0,gzip,1,0,4194304,4,1048576,1024,134217728,42325994,3.171,0.92545,0.92152,0.1450,0,0,0,0,0,1,1,0,0,--iters 5 --rows-per-page 2048 --page 1048576 --cpu 40,sync-cpu,16,cpu
off,16384,off,0,8,dynamic,all,8,gzip,1,0,4194304,4,1048576,1024,134217728,42325994,3.171,0.13214,0.13126,1.0157,0,0,0,0,0,1,1,8,0,--iters 5 --rows-per-page 2048 --page 1048576 --cpu 40 --cpu-async 8,async-cpu,16,cpu
off,16384,sync,0,8,dynamic,all,0,gzip,1,0,4194304,4,1048576,1024,134217728,42355001,3.169,0.28031,0.26710,0.4788,0,0,0,8192,0,1,1,0,0,--iters 5 --rows-per-page 2048 --page 1048576 --cpu 40 --iaa sync --iaa-min 0,sync-accel,16,iaa
off,16384,async,0,8,dynamic,all,0,gzip,1,0,4194304,4,1048576,1024,134217728,42355001,3.169,0.10461,0.09818,1.2830,0,0,0,8192,0,1,1,0,0,--iters 5 --rows-per-page 2048 --page 1048576 --cpu 40 --iaa async --iaa-min 0,async-accel,16,iaa
off,16384,sync,0,8,dynamic,all,0,gzip,1,0,4194304,4,1048576,1024,134217728,42355001,3.169,0.28258,0.26759,0.4750,0,0,0,8192,0,1,1,0,0,--iters 5 --rows-per-page 2048 --page 1048576 --cpu 40 --iaa sync --iaa-min 0,opt-sync-accel,16,iaa
off,16384,async,0,8,dynamic,all,0,gzip,1,0,4194304,4,1048576,1024,134217728,42355001,3.169,0.10050,0.10014,1.3355,0,0,0,8192,0,1,1,0,0,--iters 5 --rows-per-page 2048 --page 1048576 --cpu 40 --iaa async --iaa-min 0,opt-async-accel,16,iaa
off,16384,off,0,8,dynamic,all,0,gzip,1,0,4194304,4,1048576,1024,134217728,41672033,3.221,0.85347,0.84084,0.1573,0,0,0,0,0,1,1,0,0,--iters 5 --rows-per-page 8192 --page 1048576 --cpu 40,sync-cpu,64,cpu
off,16384,off,0,8,dynamic,all,8,gzip,1,0,4194304,4,1048576,1024,134217728,41672033,3.221,0.12209,0.11981,1.0994,0,0,0,0,0,1,1,8,0,--iters 5 --rows-per-page 8192 --page 1048576 --cpu 40 --cpu-async 8,async-cpu,64,cpu
off,16384,sync,0,8,dynamic,all,0,gzip,1,0,4194304,4,1048576,1024,134217728,41283199,3.251,0.19696,0.19566,0.6814,0,0,0,2048,0,1,1,0,0,--iters 5 --rows-per-page 8192 --page 1048576 --cpu 40 --iaa sync --iaa-min 0,sync-accel,64,iaa
off,16384,async,0,8,dynamic,all,0,gzip,1,0,4194304,4,1048576,1024,134217728,41283199,3.251,0.05169,0.05107,2.5968,0,0,0,2048,0,1,1,0,0,--iters 5 --rows-per-page 8192 --page 1048576 --cpu 40 --iaa async --iaa-min 0,async-accel,64,iaa
off,16384,sync,0,8,dynamic,all,0,gzip,1,0,4194304,4,1048576,1024,134217728,41283199,3.251,0.19812,0.19684,0.6775,0,0,0,2048,0,1,1,0,0,--iters 5 --rows-per-page 8192 --page 1048576 --cpu 40 --iaa sync --iaa-min 0,opt-sync-accel,64,iaa
off,16384,async,0,8,dynamic,all,0,gzip,1,0,4194304,4,1048576,1024,134217728,41283199,3.251,0.05196,0.05122,2.5831,0,0,0,2048,0,1,1,0,0,--iters 5 --rows-per-page 8192 --page 1048576 --cpu 40 --iaa async --iaa-min 0,opt-async-accel,64,iaa
off,16384,off,0,8,dynamic,all,0,gzip,1,0,4194304,4,1048576,1024,134217728,41475482,3.236,0.85231,0.83886,0.1575,0,0,0,0,0,1,1,0,0,--iters 5 --rows-per-page 32768 --page 1048576 --cpu 40,sync-cpu,256,cpu
off,16384,off,0,8,dynamic,all,8,gzip,1,0,4194304,4,1048576,1024,134217728,41475482,3.236,0.12974,0.12655,1.0345,0,0,0,0,0,1,1,8,0,--iters 5 --rows-per-page 32768 --page 1048576 --cpu 40 --cpu-async 8,async-cpu,256,cpu
off,16384,sync,0,8,dynamic,all,0,gzip,1,0,4194304,4,1048576,1024,134217728,41007445,3.273,0.17789,0.17678,0.7545,0,0,0,512,0,1,1,0,0,--iters 5 --rows-per-page 32768 --page 1048576 --cpu 40 --iaa sync --iaa-min 0,sync-accel,256,iaa
off,16384,async,0,8,dynamic,all,0,gzip,1,0,4194304,4,1048576,1024,134217728,41007445,3.273,0.04587,0.04531,2.9258,0,0,0,512,0,1,1,0,0,--iters 5 --rows-per-page 32768 --page 1048576 --cpu 40 --iaa async --iaa-min 0,async-accel,256,iaa
off,16384,sync,0,8,dynamic,all,0,gzip,1,0,4194304,4,1048576,1024,134217728,41007445,3.273,0.17776,0.17649,0.7550,0,0,0,512,0,1,1,0,0,--iters 5 --rows-per-page 32768 --page 1048576 --cpu 40 --iaa sync --iaa-min 0,opt-sync-accel,256,iaa
off,16384,async,0,8,dynamic,all,0,gzip,1,0,4194304,4,1048576,1024,134217728,41007445,3.273,0.04516,0.04504,2.9721,0,0,0,512,0,1,1,0,0,--iters 5 --rows-per-page 32768 --page 1048576 --cpu 40 --iaa async --iaa-min 0,opt-async-accel,256,iaa
off,16384,off,0,8,dynamic,all,0,gzip,1,0,4194304,4,2097152,1024,134217728,41419170,3.240,0.85358,0.84103,0.1572,0,0,0,0,0,1,1,0,0,--iters 5 --rows-per-page 131072 --page 2097152 --cpu 40,sync-cpu,1024,cpu
off,16384,off,0,8,dynamic,all,8,gzip,1,0,4194304,4,2097152,1024,134217728,41419170,3.240,0.14576,0.14233,0.9208,0,0,0,0,0,1,1,8,0,--iters 5 --rows-per-page 131072 --page 2097152 --cpu 40 --cpu-async 8,async-cpu,1024,cpu
off,16384,sync,0,8,dynamic,all,0,gzip,1,0,4194304,4,2097152,1024,134217728,40943859,3.278,0.18315,0.17855,0.7328,0,0,0,128,0,1,1,0,0,--iters 5 --rows-per-page 131072 --page 2097152 --cpu 40 --iaa sync --iaa-min 0,sync-accel,1024,iaa
off,16384,async,0,8,dynamic,all,0,gzip,1,0,4194304,4,2097152,1024,134217728,40943859,3.278,0.05948,0.05940,2.2567,0,0,0,128,0,1,1,0,0,--iters 5 --rows-per-page 131072 --page 2097152 --cpu 40 --iaa async --iaa-min 0,async-accel,1024,iaa
off,16384,sync,0,8,dynamic,all,0,gzip,1,0,4194304,4,2097152,1024,134217728,40943859,3.278,0.18281,0.17863,0.7342,0,0,0,128,0,1,1,0,0,--iters 5 --rows-per-page 131072 --page 2097152 --cpu 40 --iaa sync --iaa-min 0,opt-sync-accel,1024,iaa
off,16384,async,0,8,dynamic,all,0,gzip,1,0,4194304,4,2097152,1024,134217728,40943859,3.278,0.05991,0.05917,2.2402,0,0,0,128,0,1,1,0,0,--iters 5 --rows-per-page 131072 --page 2097152 --cpu 40 --iaa async --iaa-min 0,opt-async-accel,1024,iaa
off,16384,off,0,8,dynamic,all,0,gzip,1,0,4194304,4,8388608,1024,134217728,41407474,3.241,0.86405,0.85078,0.1553,0,0,0,0,0,1,1,0,0,--iters 5 --rows-per-page 524288 --page 8388608 --cpu 40,sync-cpu,4096,cpu
off,16384,off,0,8,dynamic,all,8,gzip,1,0,4194304,4,8388608,1024,134217728,41407474,3.241,0.66216,0.64540,0.2027,0,0,0,0,0,1,1,8,0,--iters 5 --rows-per-page 524288 --page 8388608 --cpu 40 --cpu-async 8,async-cpu,4096,cpu
off,16384,sync,0,8,dynamic,all,0,gzip,1,0,4194304,4,8388608,1024,134217728,40927941,3.279,0.18933,0.18591,0.7089,0,0,0,32,0,1,1,0,0,--iters 5 --rows-per-page 524288 --page 8388608 --cpu 40 --iaa sync --iaa-min 0,sync-accel,4096,iaa
off,16384,async,0,8,dynamic,all,0,gzip,1,0,4194304,4,8388608,1024,134217728,40927941,3.279,0.11511,0.11371,1.1660,0,0,0,32,0,1,1,0,0,--iters 5 --rows-per-page 524288 --page 8388608 --cpu 40 --iaa async --iaa-min 0,async-accel,4096,iaa
off,16384,sync,0,8,dynamic,all,0,gzip,1,0,4194304,4,8388608,1024,134217728,40927941,3.279,0.18900,0.18537,0.7101,0,0,0,32,0,1,1,0,0,--iters 5 --rows-per-page 524288 --page 8388608 --cpu 40 --iaa sync --iaa-min 0,opt-sync-accel,4096,iaa
off,16384,async,0,8,dynamic,all,0,gzip,1,0,4194304,4,8388608,1024,134217728,40927941,3.279,0.11444,0.11394,1.1728,0,0,0,32,0,1,1,0,0,--iters 5 --rows-per-page 524288 --page 8388608 --cpu 40 --iaa async --iaa-min 0,opt-async-accel,4096,iaa
