experiment,config,dsa,dsa_min,iaa,depth,huffman,progress,codec,level,dictionary,rows,cols,page,batch,raw_bytes,file_bytes,ratio,secs_median,secs_min,gbps,dsa_descs,dsa_bytes,dsa_partial,iaa_jobs,iaa_fallbacks,verified
iaa,zlib-1,off,16384,off,8,dynamic,all,gzip,1,0,4194304,4,1048576,1024,134217728,41532284,3.232,0.84328,0.84121,0.1592,0,0,0,0,0,1
iaa,zlib-6,off,16384,off,8,dynamic,all,gzip,6,0,4194304,4,1048576,1024,134217728,37489969,3.580,5.59494,5.59071,0.0240,0,0,0,0,0,1
iaa,iaa-sync,off,16384,sync,8,dynamic,all,gzip,-1,0,4194304,4,1048576,1024,134217728,41066117,3.268,0.18426,0.18413,0.7284,0,0,0,848,0,1
iaa,iaa-async-d1,off,16384,async,1,dynamic,all,gzip,-1,0,4194304,4,1048576,1024,134217728,41066117,3.268,0.09903,0.09872,1.3553,0,0,0,848,0,1
iaa,iaa-async-d2,off,16384,async,2,dynamic,all,gzip,-1,0,4194304,4,1048576,1024,134217728,41066117,3.268,0.07175,0.07140,1.8708,0,0,0,848,0,1
iaa,iaa-async-d4,off,16384,async,4,dynamic,all,gzip,-1,0,4194304,4,1048576,1024,134217728,41066117,3.268,0.05117,0.05074,2.6232,0,0,0,848,0,1
iaa,iaa-async-d8,off,16384,async,8,dynamic,all,gzip,-1,0,4194304,4,1048576,1024,134217728,41066117,3.268,0.04905,0.04889,2.7364,0,0,0,848,0,1
iaa,iaa-async-d16,off,16384,async,16,dynamic,all,gzip,-1,0,4194304,4,1048576,1024,134217728,41066117,3.268,0.04930,0.04898,2.7224,0,0,0,848,0,1
iaa,none,off,16384,off,8,dynamic,all,none,-1,0,4194304,4,1048576,1024,134217728,134268319,1.000,0.03829,0.03791,3.5053,0,0,0,0,0,1
iaa,snappy,off,16384,off,8,dynamic,all,snappy,-1,0,4194304,4,1048576,1024,134217728,60151531,2.231,0.17469,0.17367,0.7683,0,0,0,0,0,1
iaa,zstd-1,off,16384,off,8,dynamic,all,zstd,1,0,4194304,4,1048576,1024,134217728,38433423,3.492,0.30315,0.30194,0.4427,0,0,0,0,0,1
iaa,zstd-3,off,16384,off,8,dynamic,all,zstd,3,0,4194304,4,1048576,1024,134217728,37836674,3.547,0.37050,0.36946,0.3623,0,0,0,0,0,1
huffman,iaa-sync-fixed,off,16384,sync,8,fixed,all,gzip,-1,0,4194304,4,1048576,1024,134217728,50802712,2.642,0.11126,0.11095,1.2064,0,0,0,848,0,1
huffman,iaa-async-d8-fixed,off,16384,async,8,fixed,all,gzip,-1,0,4194304,4,1048576,1024,134217728,50802712,2.642,0.04500,0.04467,2.9825,0,0,0,848,0,1
progress,iaa-async-d1-front,off,16384,async,1,dynamic,front,gzip,-1,0,4194304,4,1048576,1024,134217728,41066117,3.268,0.10178,0.10134,1.3186,0,0,0,848,0,1
progress,iaa-async-d2-front,off,16384,async,2,dynamic,front,gzip,-1,0,4194304,4,1048576,1024,134217728,41066117,3.268,0.08793,0.08772,1.5263,0,0,0,848,0,1
progress,iaa-async-d4-front,off,16384,async,4,dynamic,front,gzip,-1,0,4194304,4,1048576,1024,134217728,41066117,3.268,0.08663,0.08585,1.5493,0,0,0,848,0,1
progress,iaa-async-d8-front,off,16384,async,8,dynamic,front,gzip,-1,0,4194304,4,1048576,1024,134217728,41066117,3.268,0.08844,0.08829,1.5175,0,0,0,848,0,1
progress,iaa-async-d16-front,off,16384,async,16,dynamic,front,gzip,-1,0,4194304,4,1048576,1024,134217728,41066117,3.268,0.09037,0.09018,1.4852,0,0,0,848,0,1
page,zlib-1,off,16384,off,8,dynamic,all,gzip,1,0,4194304,4,65536,1024,134217728,41672033,3.221,0.83880,0.83792,0.1600,0,0,0,0,0,1
page,iaa-sync,off,16384,sync,8,dynamic,all,gzip,-1,0,4194304,4,65536,1024,134217728,41283199,3.251,0.19598,0.19576,0.6849,0,0,0,2048,0,1
page,iaa-async-d8,off,16384,async,8,dynamic,all,gzip,-1,0,4194304,4,65536,1024,134217728,41283199,3.251,0.05235,0.05219,2.5638,0,0,0,2048,0,1
page,zlib-1,off,16384,off,8,dynamic,all,gzip,1,0,4194304,4,262144,1024,134217728,41532284,3.232,0.84278,0.84029,0.1593,0,0,0,0,0,1
page,iaa-sync,off,16384,sync,8,dynamic,all,gzip,-1,0,4194304,4,262144,1024,134217728,41066117,3.268,0.18473,0.18434,0.7265,0,0,0,848,0,1
page,iaa-async-d8,off,16384,async,8,dynamic,all,gzip,-1,0,4194304,4,262144,1024,134217728,41066117,3.268,0.04906,0.04884,2.7356,0,0,0,848,0,1
page,zlib-1,off,16384,off,8,dynamic,all,gzip,1,0,4194304,4,1048576,1024,134217728,41532284,3.232,0.84473,0.84279,0.1589,0,0,0,0,0,1
page,iaa-sync,off,16384,sync,8,dynamic,all,gzip,-1,0,4194304,4,1048576,1024,134217728,41066117,3.268,0.18465,0.18454,0.7269,0,0,0,848,0,1
page,iaa-async-d8,off,16384,async,8,dynamic,all,gzip,-1,0,4194304,4,1048576,1024,134217728,41066117,3.268,0.04972,0.04872,2.6996,0,0,0,848,0,1
dict+str,zlib-1,off,16384,off,8,dynamic,all,gzip,1,1,4194304,5,1048576,1024,213197751,58660131,3.634,1.29910,1.29510,0.1641,0,0,0,0,0,1
dict+str,zstd-1,off,16384,off,8,dynamic,all,zstd,1,1,4194304,5,1048576,1024,213197751,53393259,3.993,0.60700,0.59980,0.3512,0,0,0,0,0,1
dict+str,iaa-sync,off,16384,sync,8,dynamic,all,gzip,-1,1,4194304,5,1048576,1024,213197751,56706381,3.760,0.44630,0.44005,0.4777,0,0,0,1092,0,1
dict+str,iaa-async-d8,off,16384,async,8,dynamic,all,gzip,-1,1,4194304,5,1048576,1024,213197751,56706381,3.760,0.28850,0.28668,0.7390,0,0,0,1092,0,1
dsa,dsa-off,off,4096,off,8,dynamic,all,none,-1,0,4194304,4,1048576,1024,134217728,134268319,1.000,0.03777,0.03749,3.5534,0,0,0,0,0,1
dsa,dsa-sync,sync,4096,off,8,dynamic,all,none,-1,0,4194304,4,1048576,1024,134217728,134268319,1.000,0.07869,0.07837,1.7057,17616,268386304,0,0,0,1
dsa,dsa-async,async,4096,off,8,dynamic,all,none,-1,0,4194304,4,1048576,1024,134217728,134268319,1.000,0.06407,0.06285,2.0947,17616,268386304,0,0,0,1
dsa,dsa-off,off,4096,off,8,dynamic,all,none,-1,0,4194304,4,1048576,8192,134217728,134268319,1.000,0.03996,0.03739,3.3591,0,0,0,0,0,1
dsa,dsa-sync,sync,4096,off,8,dynamic,all,none,-1,0,4194304,4,1048576,8192,134217728,134268319,1.000,0.06066,0.05976,2.2125,3360,268386304,0,0,0,1
dsa,dsa-async,async,4096,off,8,dynamic,all,none,-1,0,4194304,4,1048576,8192,134217728,134268319,1.000,0.05326,0.05209,2.5201,3360,268386304,0,0,0,1
dsa,dsa-off,off,4096,off,8,dynamic,all,none,-1,0,4194304,4,1048576,65536,134217728,134268319,1.000,0.03329,0.03234,4.0324,0,0,0,0,0,1
dsa,dsa-sync,sync,4096,off,8,dynamic,all,none,-1,0,4194304,4,1048576,65536,134217728,134268319,1.000,0.03932,0.03761,3.4134,1696,268435456,0,0,0,1
dsa,dsa-async,async,4096,off,8,dynamic,all,none,-1,0,4194304,4,1048576,65536,134217728,134268319,1.000,0.03678,0.03546,3.6496,1696,268435456,0,0,0,1
dsa+iaa,dsa-off+iaa-async,off,4096,async,8,dynamic,all,gzip,-1,0,4194304,4,1048576,1024,134217728,41066117,3.268,0.04975,0.04938,2.6979,0,0,0,848,0,1
dsa+iaa,dsa-sync+iaa-async,sync,4096,async,8,dynamic,all,gzip,-1,0,4194304,4,1048576,1024,134217728,41066117,3.268,0.08581,0.08541,1.5641,17616,268386304,0,848,0,1
dsa+iaa,dsa-async+iaa-async,async,4096,async,8,dynamic,all,gzip,-1,0,4194304,4,1048576,1024,134217728,41066117,3.268,0.07135,0.06980,1.8810,17616,268386304,0,848,0,1
