dsa,dsa_min,iaa,iaa_min,depth,huffman,progress,cpu_async,codec,level,dictionary,rows,cols,page,batch,raw_bytes,file_bytes,ratio,secs_median,secs_min,gbps,dsa_descs,dsa_bytes,dsa_partial,iaa_jobs,iaa_fallbacks,verified,threads,pool,iaa_retries,cmd,config,cores,writers,pool_workers
off,16384,off,0,8,dynamic,all,0,gzip,1,0,4194304,4,1048576,1024,134217728,41532284,3.232,0.84449,0.84253,0.1589,0,0,0,0,0,1,1,0,0,--iters 3 --threads 1 --cpu-list 32,async-cpu,1,1,0
off,16384,off,0,8,dynamic,all,1,gzip,1,0,4194304,4,1048576,1024,134217728,41532284,3.232,0.82892,0.82741,0.1619,0,0,0,0,0,1,1,1,0,--iters 3 --threads 1 --cpu-list 32 --cpu-async 1 --pool-cpus 128 --cpu-depth 2,async-cpu,2,1,1
off,16384,off,0,8,dynamic,all,2,gzip,1,0,4194304,4,1048576,1024,134217728,41532284,3.232,0.81512,0.80323,0.3244,0,0,0,0,0,1,2,2,0,"--iters 3 --threads 2 --cpu-list 32,128 --cpu-async 2 --pool-cpus 0,96 --cpu-depth 2",async-cpu,4,2,2
off,16384,off,0,8,dynamic,all,3,gzip,1,0,4194304,4,1048576,1024,134217728,41532284,3.232,0.29343,0.29317,0.4574,0,0,0,0,0,1,1,3,0,"--iters 3 --threads 1 --cpu-list 32 --cpu-async 3 --pool-cpus 128,0,96 --cpu-depth 6",async-cpu,4,1,3
off,16384,off,0,8,dynamic,all,4,gzip,1,0,4194304,4,1048576,1024,134217728,41532284,3.232,0.81792,0.81234,0.6518,0,0,0,0,0,1,4,4,0,"--iters 3 --threads 4 --cpu-list 32,128,0,96 --cpu-async 4 --pool-cpus 64,160,33,129 --cpu-depth 2",async-cpu,8,4,4
off,16384,off,0,8,dynamic,all,6,gzip,1,0,4194304,4,1048576,1024,134217728,41532284,3.232,0.27601,0.27529,0.9452,0,0,0,0,0,1,2,6,0,"--iters 3 --threads 2 --cpu-list 32,128 --cpu-async 6 --pool-cpus 0,96,64,160,33,129 --cpu-depth 6",async-cpu,8,2,6
off,16384,off,0,8,dynamic,all,7,gzip,1,0,4194304,4,1048576,1024,134217728,41532284,3.232,0.15393,0.14404,0.8719,0,0,0,0,0,1,1,7,0,"--iters 3 --threads 1 --cpu-list 32 --cpu-async 7 --pool-cpus 128,0,96,64,160,33,129 --cpu-depth 14",async-cpu,8,1,7
off,16384,off,0,8,dynamic,all,8,gzip,1,0,4194304,4,1048576,1024,134217728,41532284,3.232,0.82106,0.80622,1.3062,0,0,0,0,0,1,8,8,0,"--iters 3 --threads 8 --cpu-list 32,128,0,96,64,160,33,129 --cpu-async 8 --pool-cpus 1,97,65,161,34,130,2,98 --cpu-depth 2",async-cpu,16,8,8
off,16384,off,0,8,dynamic,all,12,gzip,1,0,4194304,4,1048576,1024,134217728,41532284,3.232,0.27579,0.27106,1.8957,0,0,0,0,0,1,4,12,0,"--iters 3 --threads 4 --cpu-list 32,128,0,96 --cpu-async 12 --pool-cpus 64,160,33,129,1,97,65,161,34,130,2,98 --cpu-depth 6",async-cpu,16,4,12
off,16384,off,0,8,dynamic,all,14,gzip,1,0,4194304,4,1048576,1024,134217728,41532284,3.232,0.13539,0.13494,1.9026,0,0,0,0,0,1,2,14,0,"--iters 3 --threads 2 --cpu-list 32,128 --cpu-async 14 --pool-cpus 0,96,64,160,33,129,1,97,65,161,34,130,2,98 --cpu-depth 14",async-cpu,16,2,14
off,16384,off,0,8,dynamic,all,15,gzip,1,0,4194304,4,1048576,1024,134217728,41532284,3.232,0.08726,0.08723,1.5381,0,0,0,0,0,1,1,15,0,"--iters 3 --threads 1 --cpu-list 32 --cpu-async 15 --pool-cpus 128,0,96,64,160,33,129,1,97,65,161,34,130,2,98 --cpu-depth 30",async-cpu,16,1,15
off,16384,off,0,8,dynamic,all,16,gzip,1,0,4194304,4,1048576,1024,134217728,41532284,3.232,0.83667,0.80424,2.5936,0,0,0,0,0,1,16,16,0,"--iters 3 --threads 16 --cpu-list 32,128,0,96,64,160,33,129,1,97,65,161,34,130,2,98 --cpu-async 16 --pool-cpus 66,162,35,131,3,99,67,163,36,132,4,100,68,164,37,133 --cpu-depth 2",async-cpu,32,16,16
off,16384,off,0,8,dynamic,all,24,gzip,1,0,4194304,4,1048576,1024,134217728,41532284,3.232,0.27505,0.27337,3.7722,0,0,0,0,0,1,8,24,0,"--iters 3 --threads 8 --cpu-list 32,128,0,96,64,160,33,129 --cpu-async 24 --pool-cpus 1,97,65,161,34,130,2,98,66,162,35,131,3,99,67,163,36,132,4,100,68,164,37,133 --cpu-depth 6",async-cpu,32,8,24
off,16384,off,0,8,dynamic,all,28,gzip,1,0,4194304,4,1048576,1024,134217728,41532284,3.232,0.13338,0.12985,3.8682,0,0,0,0,0,1,4,28,0,"--iters 3 --threads 4 --cpu-list 32,128,0,96 --cpu-async 28 --pool-cpus 64,160,33,129,1,97,65,161,34,130,2,98,66,162,35,131,3,99,67,163,36,132,4,100,68,164,37,133 --cpu-depth 14",async-cpu,32,4,28
off,16384,off,0,8,dynamic,all,30,gzip,1,0,4194304,4,1048576,1024,134217728,41532284,3.232,0.08423,0.08405,3.0732,0,0,0,0,0,1,2,30,0,"--iters 3 --threads 2 --cpu-list 32,128 --cpu-async 30 --pool-cpus 0,96,64,160,33,129,1,97,65,161,34,130,2,98,66,162,35,131,3,99,67,163,36,132,4,100,68,164,37,133 --cpu-depth 30",async-cpu,32,2,30
off,16384,off,0,8,dynamic,all,32,gzip,1,0,4194304,4,1048576,1024,134217728,41532284,3.232,0.81913,0.81513,5.1605,0,0,0,0,0,1,32,32,0,"--iters 3 --threads 32 --cpu-list 32,128,0,96,64,160,33,129,1,97,65,161,34,130,2,98,66,162,35,131,3,99,67,163,36,132,4,100,68,164,37,133 --cpu-async 32 --pool-cpus 5,101,69,165,38,134,6,102,70,166,39,135,7,103,71,167,40,136,8,104,72,168,41,137,9,105,73,169,42,138,10,106 --cpu-depth 2",async-cpu,64,32,32
off,16384,off,0,8,dynamic,all,48,gzip,1,0,4194304,4,1048576,1024,134217728,41532284,3.232,0.27827,0.27724,7.4395,0,0,0,0,0,1,16,48,0,"--iters 3 --threads 16 --cpu-list 32,128,0,96,64,160,33,129,1,97,65,161,34,130,2,98 --cpu-async 48 --pool-cpus 66,162,35,131,3,99,67,163,36,132,4,100,68,164,37,133,5,101,69,165,38,134,6,102,70,166,39,135,7,103,71,167,40,136,8,104,72,168,41,137,9,105,73,169,42,138,10,106 --cpu-depth 6",async-cpu,64,16,48
off,16384,off,0,8,dynamic,all,56,gzip,1,0,4194304,4,1048576,1024,134217728,41532284,3.232,0.12853,0.12559,8.0123,0,0,0,0,0,1,8,56,0,"--iters 3 --threads 8 --cpu-list 32,128,0,96,64,160,33,129 --cpu-async 56 --pool-cpus 1,97,65,161,34,130,2,98,66,162,35,131,3,99,67,163,36,132,4,100,68,164,37,133,5,101,69,165,38,134,6,102,70,166,39,135,7,103,71,167,40,136,8,104,72,168,41,137,9,105,73,169,42,138,10,106 --cpu-depth 14",async-cpu,64,8,56
off,16384,off,0,8,dynamic,all,60,gzip,1,0,4194304,4,1048576,1024,134217728,41532284,3.232,0.08480,0.08314,6.0762,0,0,0,0,0,1,4,60,0,"--iters 3 --threads 4 --cpu-list 32,128,0,96 --cpu-async 60 --pool-cpus 64,160,33,129,1,97,65,161,34,130,2,98,66,162,35,131,3,99,67,163,36,132,4,100,68,164,37,133,5,101,69,165,38,134,6,102,70,166,39,135,7,103,71,167,40,136,8,104,72,168,41,137,9,105,73,169,42,138,10,106 --cpu-depth 30",async-cpu,64,4,60
off,16384,off,0,8,dynamic,all,64,gzip,1,0,4194304,4,1048576,1024,134217728,41532284,3.232,0.89329,0.88318,9.5265,0,0,0,0,0,1,64,64,0,"--iters 3 --threads 64 --cpu-list 32,128,0,96,64,160,33,129,1,97,65,161,34,130,2,98,66,162,35,131,3,99,67,163,36,132,4,100,68,164,37,133,5,101,69,165,38,134,6,102,70,166,39,135,7,103,71,167,40,136,8,104,72,168,41,137,9,105,73,169,42,138,10,106 --cpu-async 64 --pool-cpus 74,170,43,139,11,107,75,171,44,140,12,108,76,172,45,141,13,109,77,173,46,142,14,110,78,174,47,143,15,111,79,175,48,144,16,112,80,176,49,145,17,113,81,177,50,146,18,114,82,178,51,147,19,115,83,179,52,148,20,116,84,180,53,149 --cpu-depth 2",async-cpu,128,64,64
off,16384,off,0,8,dynamic,all,96,gzip,1,0,4194304,4,1048576,1024,134217728,41532284,3.232,0.29303,0.28919,13.8830,0,0,0,0,0,1,32,96,0,"--iters 3 --threads 32 --cpu-list 32,128,0,96,64,160,33,129,1,97,65,161,34,130,2,98,66,162,35,131,3,99,67,163,36,132,4,100,68,164,37,133 --cpu-async 96 --pool-cpus 5,101,69,165,38,134,6,102,70,166,39,135,7,103,71,167,40,136,8,104,72,168,41,137,9,105,73,169,42,138,10,106,74,170,43,139,11,107,75,171,44,140,12,108,76,172,45,141,13,109,77,173,46,142,14,110,78,174,47,143,15,111,79,175,48,144,16,112,80,176,49,145,17,113,81,177,50,146,18,114,82,178,51,147,19,115,83,179,52,148,20,116,84,180,53,149 --cpu-depth 6",async-cpu,128,32,96
off,16384,off,0,8,dynamic,all,112,gzip,1,0,4194304,4,1048576,1024,134217728,41532284,3.232,0.13661,0.13196,15.0623,0,0,0,0,0,1,16,112,0,"--iters 3 --threads 16 --cpu-list 32,128,0,96,64,160,33,129,1,97,65,161,34,130,2,98 --cpu-async 112 --pool-cpus 66,162,35,131,3,99,67,163,36,132,4,100,68,164,37,133,5,101,69,165,38,134,6,102,70,166,39,135,7,103,71,167,40,136,8,104,72,168,41,137,9,105,73,169,42,138,10,106,74,170,43,139,11,107,75,171,44,140,12,108,76,172,45,141,13,109,77,173,46,142,14,110,78,174,47,143,15,111,79,175,48,144,16,112,80,176,49,145,17,113,81,177,50,146,18,114,82,178,51,147,19,115,83,179,52,148,20,116,84,180,53,149 --cpu-depth 14",async-cpu,128,16,112
off,16384,off,0,8,dynamic,all,120,gzip,1,0,4194304,4,1048576,1024,134217728,41532284,3.232,0.09275,0.08863,11.2770,0,0,0,0,0,1,8,120,0,"--iters 3 --threads 8 --cpu-list 32,128,0,96,64,160,33,129 --cpu-async 120 --pool-cpus 1,97,65,161,34,130,2,98,66,162,35,131,3,99,67,163,36,132,4,100,68,164,37,133,5,101,69,165,38,134,6,102,70,166,39,135,7,103,71,167,40,136,8,104,72,168,41,137,9,105,73,169,42,138,10,106,74,170,43,139,11,107,75,171,44,140,12,108,76,172,45,141,13,109,77,173,46,142,14,110,78,174,47,143,15,111,79,175,48,144,16,112,80,176,49,145,17,113,81,177,50,146,18,114,82,178,51,147,19,115,83,179,52,148,20,116,84,180,53,149 --cpu-depth 30",async-cpu,128,8,120
